Hereâ€™s a **very short note** on the commands:

* **`mysql -u root -p`** â†’ Login to MySQL as root user.
* **`SHOW DATABASES;`** â†’ List all databases.
* **`CREATE DATABASE db;`** â†’ Create a new database named *db*.
* **`USE db;`** â†’ Select *db* as the current working database.

ðŸ‘‰ After this, you can create tables and insert data inside *db*.




Hereâ€™s a **short note** explaining your `CREATE TABLE` statement and the datatypes used:

---

### ðŸ“Œ Creating Table in MariaDB

**Command used:**

```sql
CREATE TABLE emp (
  ID INT,
  FirstName VARCHAR(255),
  LastName VARCHAR(255),
  Age INT,
  Zone VARCHAR(255)
);
```

âœ… This creates a table named **`emp`** with 5 columns.

---

### ðŸ”¹ Column Details & Data Types

* **`ID INT`** â†’ Stores employee ID as an integer (whole number).
* **`FirstName VARCHAR(255)`** â†’ Stores first name as text, up to 255 characters.
* **`LastName VARCHAR(255)`** â†’ Stores last name as text, up to 255 characters.
* **`Age INT`** â†’ Stores employeeâ€™s age as an integer.
* **`Zone VARCHAR(255)`** â†’ Stores zone/region name as text, up to 255 characters.

---

ðŸ‘‰ **Note:**

* `INT` = numeric data type (no decimals).
* `VARCHAR(n)` = variable-length string (up to *n* characters).
* This table has **no primary key** yet (optional but recommended, usually `ID`).


When you run:

```sql
DESC emp;
```

or

```sql
DESCRIBE emp;
```

MariaDB will show the structure of the table `emp`.

---

### âœ… Expected Output

```
+-----------+--------------+------+-----+---------+-------+
| Field     | Type         | Null | Key | Default | Extra |
+-----------+--------------+------+-----+---------+-------+
| ID        | int(11)      | YES  |     | NULL    |       |
| FirstName | varchar(255) | YES  |     | NULL    |       |
| LastName  | varchar(255) | YES  |     | NULL    |       |
| Age       | int(11)      | YES  |     | NULL    |       |
| Zone      | varchar(255) | YES  |     | NULL    |       |
+-----------+--------------+------+-----+---------+-------+
```

---

### ðŸ”¹ Explanation of Columns

* **Field** â†’ Column name (ID, FirstName, LastName, Age, Zone).
* **Type** â†’ Data type (`INT`, `VARCHAR(255)`).
* **Null** â†’ `YES` means column can have empty (NULL) values.
* **Key** â†’ Shows if itâ€™s a primary key or indexed (empty right now).
* **Default** â†’ Default value (here `NULL`).
* **Extra** â†’ Extra info (e.g., `auto_increment` if set).



---
### **Insert Commands**
* **`INSERT INTO emp (...) VALUES (...);`** â†’ Adds new rows into the table.

```
INSERT INTO emp (ID, FirstName, LastName, Age, Zone)
VALUES (1, 'Pawan', 'Kaur', 18, 'North'),
       (2, 'Ayush', 'Gupta', 18, 'East'),
       (3, 'Moli', 'Gupta', 14, 'West'),
       (4, 'Piyush', 'Gupta', 13, 'South');
```

* **`SELECT * FROM emp;`** â†’ Displays all rows and columns from the table.

```
+----+-----------+----------+------+-------+
| ID | FirstName | LastName | Age  | Zone  |
+----+-----------+----------+------+-------+
|  1 | Pawan     | Kaur     |   18 | North |
|  2 | Ayush     | Gupta    |   18 | East  |
|  3 | Moli      | Gupta    |   14 | West  |
|  4 | Piyush    | Gupta    |   13 | South |
+----+-----------+----------+------+-------+
```
* Without **PRIMARY KEY**, duplicate IDs are allowed (all rows had `ID = 1`).
* To avoid duplicates:

  ```sql
  CREATE TABLE emp (
    ID INT PRIMARY KEY AUTO_INCREMENT,
    FirstName VARCHAR(255),
    LastName VARCHAR(255),
    Age INT,
    Zone VARCHAR(255)
  );
  ```
* With **AUTO\_INCREMENT**, `ID` is generated automatically and stays unique.

---

### **Short note on the `SELECT` statement** in SQL:

---

### ðŸ“Œ `SELECT` Statement in SQL

* The `SELECT` statement is used to **retrieve data** from a database.
* **Basic Syntax:**

  ```sql
  SELECT column1, column2, ... FROM table_name;
  ```

  * `column1, column2` â†’ columns you want to display.
  * `*` â†’ selects all columns.
  * `table_name` â†’ the table from which data is fetched.

---

### ðŸ”¹ Examples

* **Select all columns:**

  ```sql
  SELECT * FROM emp;
  ```
* **Select specific columns:**

  ```sql
  SELECT FirstName, Age FROM emp;
  ```
* **Select with condition:**

  ```sql
  SELECT * FROM emp WHERE Age > 18;
  ```
* **Select with sorting:**

  ```sql
  SELECT * FROM emp ORDER BY Age DESC;
  ```

---

ðŸ‘‰ In short: `SELECT` = **query command** to view data with options for filtering (`WHERE`), sorting (`ORDER BY`), and limiting results.

---


## **Short note** on the command **``` select distinct Age from emp;```** used:


### ðŸ“Œ `SELECT DISTINCT`

* **Purpose:** Removes duplicate values and shows only **unique results**.
* **Syntax:**

  ```sql
  SELECT DISTINCT column_name FROM table_name;
  ```

---

### ðŸ”¹ Example

```sql
SELECT DISTINCT Age FROM emp;
```

ðŸ‘‰ This will display each **unique Age** from the `emp` table, without repeating values.

**If your table has:**

```
Age
----
13
18
15
15
```

**Output will be:**

```
Age
----
13
18
15
```

---

âœ… Use `DISTINCT` when you want to avoid duplicates in query results.



### Hereâ€™s a **short note** on `NOT NULL` in MariaDB with example:

---

### ðŸ“Œ `NOT NULL` Constraint

* **Definition:** Ensures that a column **cannot have NULL values**.
* Used when a column must always store a valid value.
* **Syntax:**

  ```sql
  column_name datatype NOT NULL
  ```

---

### ðŸ”¹ Example from your table

```sql
CREATE TABLE demo (
  ID INT NOT NULL,
  FirstName VARCHAR(255),
  LastName VARCHAR(255),
  Age INT
);
```

* Here, `ID` is declared as **NOT NULL**.
* This means you **cannot insert NULL** into the `ID` column.

---

### ðŸ”¹ Behavior

```sql
INSERT INTO demo(ID, FirstName, LastName, Age)
VALUES (NULL, 'jack', 'sparrow', 40);
```

âŒ Error: `Column 'ID' cannot be null`

```sql
INSERT INTO demo(ID, FirstName, LastName, Age)
VALUES (1, 'jack', 'sparrow', 40);
```

âœ… Works, since `ID` has a valid (non-NULL) value.

---

ðŸ‘‰ In short: `NOT NULL` makes sure a column **always has a value**.





### ðŸ“Œ Difference between `NOT NULL` and `PRIMARY KEY`

#### ðŸ”¹ `NOT NULL`

* Ensures a column **cannot have NULL values**.
* Does **not** enforce uniqueness â†’ duplicate values are allowed.
* Example:

  ```sql
  CREATE TABLE demo (
    ID INT NOT NULL,
    Name VARCHAR(100)
  );
  ```

  * `ID` cannot be `NULL`, but can repeat (e.g., two rows with `ID = 1`).

---

#### ðŸ”¹ `PRIMARY KEY`

* Combines **NOT NULL** + **UNIQUE**.
* Ensures column values are **never NULL** and **must be unique**.
* Every table can have **only one primary key**.
* Example:

  ```sql
  CREATE TABLE emp (
    ID INT PRIMARY KEY,
    Name VARCHAR(100)
  );
  ```

  * `ID` must be non-NULL and unique (no duplicates).

---

### âœ… Quick Comparison

| Feature                   | NOT NULL     | PRIMARY KEY                                                            |
| ------------------------- | ------------ | ---------------------------------------------------------------------- |
| NULL Allowed?             | âŒ No         | âŒ No                                                                   |
| Duplicate Values Allowed? | âœ… Yes        | âŒ No                                                                   |
| Uniqueness Enforced?      | âŒ No         | âœ… Yes                                                                  |
| Count per Table           | Many columns | Only 1 primary key (but it can cover multiple columns = composite key) |
---
ðŸ‘‰ In short:

* **Use `NOT NULL`** when a column must always have a value.
* **Use `PRIMARY KEY`** when you want a column to uniquely identify each row.
---



### **Foreign Key**
**Foreign Key :**  is a key that is taken from the another table as a reference
  ```
   MariaDB [ayushdb]> create table dep(
    -> D_ID int not null,
    -> D_n varchar(255) not null,
    -> ID int,
    -> primary key (D_ID),
    -> foreign key (ID) references demo1(ID));
  Query OK, 0 rows affected (0.093 sec)
  ```
`foreign key (ID) references demo1(ID));` is the command to connect the `ID` if `demo1` table to the ID in this table.


### **Unique Constraint**
**Note:** A table can have only one Primary Key but van have many unique values

**Input:**
  ```
  MariaDB [ayushdb]> create table emp(
      -> ID int not null,
      -> FN varchar(255),
      -> LN varchar(255),
      -> unique(ID));
  Query OK, 0 rows affected (0.017 sec)
  ```


**Output:**
  ```
  MariaDB [ayushdb]> desc emp
      -> ;
  +-------+--------------+------+-----+---------+-------+
  | Field | Type         | Null | Key | Default | Extra |
  +-------+--------------+------+-----+---------+-------+
  | ID    | int(11)      | NO   | PRI | NULL    |       |
  | FN    | varchar(255) | YES  |     | NULL    |       |
  | LN    | varchar(255) | YES  |     | NULL    |       |
  +-------+--------------+------+-----+---------+-------+
  3 rows in set (0.022 sec)
  ```
### **Default Constraint**
**Default Constraint:** It is used to set a `default value` in a table column.

**Input:**
```
MariaDB [ayushdb]> create table emp1(
    -> ID int not null,
    -> FN varchar(255),
    -> LN varchar(255),
    -> ED varchar(255) default 'oprations');
Query OK, 0 rows affected (0.014 sec)
```
  ` ED varchar(255) default 'oprations');` is the command to set default values.

**Output:**
```
MariaDB [ayushdb]> desc emp1
    -> ;
+-------+--------------+------+-----+-----------+-------+
| Field | Type         | Null | Key | Default   | Extra |
+-------+--------------+------+-----+-----------+-------+
| ID    | int(11)      | NO   |     | NULL      |       |
| FN    | varchar(255) | YES  |     | NULL      |       |
| LN    | varchar(255) | YES  |     | NULL      |       |
| ED    | varchar(255) | YES  |     | oprations |       |
+-------+--------------+------+-----+-----------+-------+
4 rows in set (0.031 sec)
```
**Inserting Value:**
```
MariaDB [ayushdb]> insert into emp1(ID,FN,LN)
    -> value(1,'Ayush','Gupta'),
    -> (2,'Moli','Gupta');
Query OK, 2 rows affected (0.006 sec)
Records: 2  Duplicates: 0  Warnings: 0

MariaDB [ayushdb]> select * from emp1
    -> ;
+----+-------+-------+-----------+
| ID | FN    | LN    | ED        |
+----+-------+-------+-----------+
|  1 | Ayush | Gupta | oprations |
|  2 | Moli  | Gupta | oprations |
+----+-------+-------+-----------+
2 rows in set (0.001 sec)
```

### **Check constraint**
**create a table:**
```
MariaDB [ayushdb]> create table emp2(
    -> ID int not null,
    -> FN varchar(255),
    -> LN varchar(255),
    -> Age int,
    -> check(Age>20));
Query OK, 0 rows affected (0.041 sec)

MariaDB [ayushdb]> desc emp2;
+-------+--------------+------+-----+---------+-------+
| Field | Type         | Null | Key | Default | Extra |
+-------+--------------+------+-----+---------+-------+
| ID    | int(11)      | NO   |     | NULL    |       |
| FN    | varchar(255) | YES  |     | NULL    |       |
| LN    | varchar(255) | YES  |     | NULL    |       |
| Age   | int(11)      | YES  |     | NULL    |       |
+-------+--------------+------+-----+---------+-------+
4 rows in set (0.028 sec)
```
**Insert Values**
```
MariaDB [ayushdb]> insert into emp2 (ID, FN, LN, Age)
    -> values(1,'Ayush','Gupta',18);
ERROR 4025 (23000): CONSTRAINT `CONSTRAINT_1` failed for `ayushdb`.`emp2`
MariaDB [ayushdb]> insert into emp2 (ID, FN, LN, Age)
    -> values(1,'Ayush','Gupta',20);
ERROR 4025 (23000): CONSTRAINT `CONSTRAINT_1` failed for `ayushdb`.`emp2`
MariaDB [ayushdb]> insert into emp2 (ID, FN, LN, Age)
    -> values(1,'Ayush','Gupta',22);
Query OK, 1 row affected (0.003 sec)
```
**Note:** It is gibing error because we were tring to enter a age less than 20

**Output:**
```
MariaDB [ayushdb]> select * from emp2
    -> ;
+----+-------+-------+------+
| ID | FN    | LN    | Age  |
+----+-------+-------+------+
|  1 | Ayush | Gupta |   22 |
+----+-------+-------+------+
1 row in set (0.001 sec)
```

### **Alter Table**
**Alter table:** It is used to alter the table eather add or delete some thing in a table.


**Adding a Column:**
```
MariaDB [ayushdb]> desc emp2;
+-------+--------------+------+-----+---------+-------+
| Field | Type         | Null | Key | Default | Extra |
+-------+--------------+------+-----+---------+-------+
| ID    | int(11)      | NO   |     | NULL    |       |
| FN    | varchar(255) | YES  |     | NULL    |       |
| LN    | varchar(255) | YES  |     | NULL    |       |
| Age   | int(11)      | YES  |     | NULL    |       |
+-------+--------------+------+-----+---------+-------+
4 rows in set (0.055 sec)

MariaDB [ayushdb]> alter table emp2
    -> add EZ varchar(255);
Query OK, 0 rows affected (0.046 sec)
Records: 0  Duplicates: 0  Warnings: 0

MariaDB [ayushdb]> desc emp2;
+-------+--------------+------+-----+---------+-------+
| Field | Type         | Null | Key | Default | Extra |
+-------+--------------+------+-----+---------+-------+
| ID    | int(11)      | NO   |     | NULL    |       |
| FN    | varchar(255) | YES  |     | NULL    |       |
| LN    | varchar(255) | YES  |     | NULL    |       |
| Age   | int(11)      | YES  |     | NULL    |       |
| EZ    | varchar(255) | YES  |     | NULL    |       |
+-------+--------------+------+-----+---------+-------+
5 rows in set (0.063 sec)
```
**Deleating a column:**
```
MariaDB [ayushdb]> desc emp2;
+-------+--------------+------+-----+---------+-------+
| Field | Type         | Null | Key | Default | Extra |
+-------+--------------+------+-----+---------+-------+
| ID    | int(11)      | NO   |     | NULL    |       |
| FN    | varchar(255) | YES  |     | NULL    |       |
| LN    | varchar(255) | YES  |     | NULL    |       |
| Age   | int(11)      | YES  |     | NULL    |       |
| EZ    | varchar(255) | YES  |     | NULL    |       |
+-------+--------------+------+-----+---------+-------+
5 rows in set (0.063 sec)

MariaDB [ayushdb]> alter table emp2
    -> drop column EZ;
Query OK, 0 rows affected (0.042 sec)
Records: 0  Duplicates: 0  Warnings: 0

MariaDB [ayushdb]> desc emp2;
+-------+--------------+------+-----+---------+-------+
| Field | Type         | Null | Key | Default | Extra |
+-------+--------------+------+-----+---------+-------+
| ID    | int(11)      | NO   |     | NULL    |       |
| FN    | varchar(255) | YES  |     | NULL    |       |
| LN    | varchar(255) | YES  |     | NULL    |       |
| Age   | int(11)      | YES  |     | NULL    |       |
+-------+--------------+------+-----+---------+-------+
4 rows in set (0.061 sec)

```